[
  {
    "id": 1,
    "pseudo": "Dems_DVT",
    "discord": "[NMS]Dems_DVT",
    "gameplay": ["Trading", "Minage", "Médical"],
    "bio": "Venu d'une famille décimé par une attaque Vandull, recueilli par de Banu avec qui il vécu jusqu'a son retour dans l'UEE. En arrivant a la NMS, je prend vite du gallon et je deviens membre du GC, directeur de la publication du Nemesis Global News, medecin chez de l'AIOn et fondateur de la RTT.",
    "opt_in": true,
    "assignments": [
      { "role_id": 2, "unit_id": 11, "primary": true },
      { "role_id": 3, "unit_id": 2, "primary": false },
      { "role_id": 4, "unit_id": 4, "primary": false },
      { "role_id": 3, "unit_id": 6, "primary": false }
    ]
  },
  {
    "id": 2,
    "pseudo": "Artémis GURNEY",
    "discord": "Amiral Artémis GURNEY",
    "gameplay": ["Minage", "Hauling", "Refueling"],
    "bio": "Né sur Arémis, système Vega, bordure Vanduuls, fils de Martha ZILON Politicienne, et Thomas GURNEY général de l'UEE, Gurn fait de brillantes études à l'académie militaire. il gravit tous les échelons jusqu'au grade d'Amiral, puis se lance dans une carrière politique faite d'intrigues et de pouvoir,, jusqu'à sa retraite d'Amiral où il crée alors Nemesis logistics qui deviendra plus tard Nemesis Consortium, formée de multiples micro entreprises dans tous les secteurs d'activité.",
    "opt_in": true,
    "assignments": [
      { "role_id": 1, "unit_id": 1, "primary": true },
      { "role_id": 2, "unit_id": 11, "primary": false },
      { "role_id": 14, "unit_id": 5, "primary": false }
    ]
  },
  {
    "id": 3,
    "pseudo": "Talsedrin",
    "discord": "",
    "gameplay": ["Combat", "Industrie", "Commerce"],
    "bio": "Joueur dans la trentaine, tant pilote d'escorte (niveau bleusaille) que vieux briscard du minage/salvage.",
    "opt_in": true,
    "assignments": [{ "role_id": 5, "unit_id": 1, "primary": true }]
  },
  {
    "id": 4,
    "pseudo": "Astral Orison",
    "discord": "Astral Orison",
    "gameplay": ["Combat FPS", "Industrie", "Transport XL/XXL de minerais"],
    "bio": "Salut j'ai toujours étais farmeur, allez cherche de quoi fournir les construction et équipement c'est mon dada. Ensuite je ramène tout ca a bon port pour prendre mon fusil puis allé tapé du pirate.",
    "opt_in": true,
    "assignments": [{ "role_id": 5, "unit_id": 1, "primary": true }]
  },
  {
    "id": 5,
    "pseudo": "mavrick21206",
    "discord": "mavrick21206",
    "gameplay": ["Exploration", "Logistique", "Industrie"],
    "bio": "",
    "opt_in": true,
    "assignments": [{ "role_id": 5, "unit_id": 1, "primary": true }]
  },
  {
    "id": 6,
    "pseudo": "Craysus",
    "discord": "",
    "gameplay": ["Argent", "Argent", "Argent"],
    "bio": "Responsable de la Nemesis Intergalactic Business Bank (NI2B), j'aime l'argent sous toute ses formes. Je traque chaque début de mois vos cotisations, mais je me noie dans l'alcool dès que je doit dépenser le moindre crédit.",
    "opt_in": true,
    "assignments": [{ "role_id": 3, "unit_id": 3, "primary": true }]
  },
  {
    "id": 7,
    "pseudo": "Superbigou",
    "discord": "Superbigou",
    "gameplay": ["Industrie"],
    "bio": "Superbigou est le fondateur et dirigeant de la Happy Scrap Collectons (HSC), créée en 2954. À la tête de cette compagnie de salvage, il met son expertise et sa rigueur au service de la récupération et de la valorisation des épaves spatiales.",
    "opt_in": true,
    "assignments": [
      { "role_id": 3, "unit_id": 7, "primary": false },
      { "role_id": 2, "unit_id": 11, "primary": true }
    ]
  },
  {
    "id": 8,
    "pseudo": "Mamie_Lapoudre",
    "discord": "Mamie_Lapoudre",
    "gameplay": ["Combat", "Logistique", "Ingénierie"],
    "bio": "Bonjour, je me présente Mamie, nom de jeune fille Lapoudre. Ayant grandi dans des chambres à Dilithium et autres conduits thermiques, j'éprouve une forte connexion avec les vaisseaux et leurs composent, allant jusqu'à les humaniser. J'aimerai beaucoup intégrer la Guilde des Ingénieurs et ainsi permettre aux vaisseaux de la flotte Nemesis une pérennité dans le temps et l'espace.",
    "opt_in": true,
    "assignments": [
      { "role_id": 8, "unit_id": 5, "primary": false },
      { "role_id": 2, "unit_id": 11, "primary": true }
    ]
  },
  {
    "id": 9,
    "pseudo": "junzu",
    "discord": "junzu",
    "gameplay": ["Exploration", "Combat", "Logistique"],
    "bio": "Né sur MicroTech d’un père ouvrier de Hurston, il a juré de combattre l’injustice et l’esclavage moderne. Ancien militaire devenu mercenaire stratège, il dirige aujourd’hui sa propre flotte de soutien, bâtissant un empire privé au service de la liberté.",
    "opt_in": true,
    "assignments": [
      { "role_id": 9, "unit_id": 5, "primary": false },
      { "role_id": 5, "unit_id": 1, "primary": true }
    ]
  },
  {
    "id": 10,
    "pseudo": "BASTIEN08",
    "discord": "BASTIEN08",
    "gameplay": ["Combat", "Salvage", "Commerce"],
    "bio": "Joueur depuis environ 3 ans je suis axé sur l'industriel (salvage en premier choix et minage en second) mais aussi en transport et commerce. Bon tireur pour du combat j'aime me joindre à la corpo qui est très dynamique dans toutes les missions organisées.",
    "opt_in": true,
    "assignments": [{ "role_id": 5, "unit_id": 1, "primary": true }]
  }
]
