[
  {
    "id": 1,
    "owner": "Dems_DVT",
    "code": "STAR-B6BC-635Q",
    "active": true
  },
  {
    "id": 2,
    "owner": "Artémis GURNEY",
    "code": "STAR-2CSM-QV9N",
    "active": true
  },
  { "id": 3, "owner": "Talsedrin", "code": "STAR-2FJT-RWQF", "active": true },
  {
    "id": 4,
    "owner": "Astral Orison",
    "code": "STAR-HVLQ-2RHC",
    "active": true
  },
  {
    "id": 5,
    "owner": "mavrick21206",
    "code": "STAR-KXPJ-HP6J",
    "active": true
  },
  {
    "id": 6,
    "owner": "Mamie_Lapoudre",
    "code": "STAR-SNRP-PKFG",
    "active": true
  },
  { "id": 7, "owner": "Junzu", "code": "STAR-C4YB-9HZX", "active": true },
  { "id": 8, "owner": "Bastien08", "code": "STAR-DHGT-S3GW", "active": true }
]
